ID,Magnitude,Covariance,First Site,First Group,Second Site,Second Group,Percentile
"s2-g0,s16-g3",0.039475689681450994,-0.039475689681450994,2,0,16,3,99.0
"s2-g1,s16-g3",0.03947568968145098,0.03947568968145098,2,1,16,3,99.0
"s3-g1,s6-g0",0.03764670019814054,-0.03764670019814054,3,1,6,0,98.0
"s3-g0,s6-g0",0.03764670019814053,0.03764670019814053,3,0,6,0,98.0
"s3-g0,s6-g1",0.03764670019814053,-0.03764670019814053,3,0,6,1,98.0
"s3-g1,s6-g1",0.03764670019814053,0.03764670019814053,3,1,6,1,98.0
"s2-g1,s15-g0",0.03566529492455418,-0.03566529492455418,2,1,15,0,98.0
"s2-g0,s15-g0",0.03566529492455417,0.03566529492455417,2,0,15,0,97.0
"s3-g0,s13-g0",0.034293552812071346,0.034293552812071346,3,0,13,0,97.0
"s3-g1,s13-g0",0.03429355281207133,-0.03429355281207133,3,1,13,0,96.0
"s3-g0,s13-g1",0.03200731595793326,-0.03200731595793326,3,0,13,1,96.0
"s3-g1,s13-g1",0.03200731595793324,0.03200731595793324,3,1,13,1,96.0
"s3-g0,s15-g0",0.03155006858710562,0.03155006858710562,3,0,15,0,95.0
"s3-g1,s15-g0",0.031550068587105615,-0.031550068587105615,3,1,15,0,95.0
"s2-g0,s15-g3",0.030940405426002137,-0.030940405426002137,2,0,15,3,94.0
"s2-g1,s15-g3",0.03094040542600212,0.03094040542600212,2,1,15,3,94.0
"s1-g0,s16-g2",0.03048315805517452,0.03048315805517452,1,0,16,2,94.0
"s1-g1,s16-g2",0.030483158055174518,-0.030483158055174518,1,1,16,2,93.0
"s2-g0,s14-g0",0.029416247523243417,0.029416247523243417,2,0,14,0,93.0
"s2-g0,s12-g0",0.029416247523243417,0.029416247523243417,2,0,12,0,93.0
"s2-g1,s14-g0",0.029416247523243413,-0.029416247523243413,2,1,14,0,92.0
"s2-g1,s12-g0",0.029416247523243406,-0.029416247523243406,2,1,12,0,92.0
"s2-g0,s3-g0",0.028654168571864053,0.028654168571864053,2,0,3,0,92.0
"s2-g1,s3-g1",0.02865416857186405,0.02865416857186405,2,1,3,1,91.0
"s2-g0,s3-g1",0.028654168571864046,-0.028654168571864046,2,0,3,1,91.0
"s2-g1,s3-g0",0.028654168571864046,-0.028654168571864046,2,1,3,0,91.0
"s4-g0,s15-g0",0.026063100137174215,0.026063100137174215,4,0,15,0,90.0
"s4-g1,s15-g0",0.026063100137174205,-0.026063100137174205,4,1,15,0,90.0
"s2-g1,s16-g2",0.02575826855662247,-0.02575826855662247,2,1,16,2,90.0
"s2-g0,s16-g2",0.025758268556622447,0.025758268556622447,2,0,16,2,89.0
"s1-g1,s5-g1",0.022252705380277397,0.022252705380277397,1,1,5,1,89.0
"s1-g1,s5-g0",0.022252705380277397,-0.022252705380277397,1,1,5,0,89.0
"s1-g0,s5-g1",0.022252705380277397,-0.022252705380277397,1,0,5,1,89.0
"s1-g0,s5-g0",0.022252705380277397,0.022252705380277397,1,0,5,0,89.0
"s3-g1,s16-g2",0.022100289590001553,-0.022100289590001553,3,1,16,2,88.0
"s3-g0,s16-g2",0.022100289590001508,0.022100289590001508,3,0,16,2,88.0
"s2-g1,s14-g3",0.020880963267794546,0.020880963267794546,2,1,14,3,88.0
"s2-g1,s12-g3",0.020880963267794546,0.020880963267794546,2,1,12,3,88.0
"s2-g1,s13-g3",0.020880963267794546,0.020880963267794546,2,1,13,3,88.0
"s2-g0,s14-g3",0.020880963267794532,-0.020880963267794532,2,0,14,3,87.0
"s2-g0,s12-g3",0.020880963267794532,-0.020880963267794532,2,0,12,3,87.0
"s2-g0,s13-g3",0.020880963267794532,-0.020880963267794532,2,0,13,3,87.0
"s1-g0,s7-g0",0.020423715896966937,0.020423715896966937,1,0,7,0,87.0
"s1-g1,s7-g0",0.020423715896966933,-0.020423715896966933,1,1,7,0,86.0
"s4-g0,s11-g0",0.020423715896966933,0.020423715896966933,4,0,11,0,86.0
"s4-g1,s11-g0",0.02042371589696693,-0.02042371589696693,4,1,11,0,86.0
"s1-g1,s7-g1",0.02042371589696693,0.02042371589696693,1,1,7,1,86.0
"s1-g0,s7-g1",0.02042371589696692,-0.02042371589696692,1,0,7,1,86.0
"s3-g0,s12-g0",0.02027130010669106,0.02027130010669106,3,0,12,0,85.0
"s3-g1,s12-g0",0.02027130010669105,-0.02027130010669105,3,1,12,0,85.0
"s2-g1,s8-g0",0.020118884316415175,-0.020118884316415175,2,1,8,0,84.0
"s2-g0,s8-g0",0.020118884316415172,0.020118884316415172,2,0,8,0,84.0
"s4-g1,s15-g2",0.019814052735863442,0.019814052735863442,4,1,15,2,84.0
"s1-g0,s15-g3",0.01981405273586344,-0.01981405273586344,1,0,15,3,83.0
"s1-g1,s15-g3",0.01981405273586343,0.01981405273586343,1,1,15,3,83.0
"s4-g0,s15-g2",0.019814052735863424,-0.019814052735863424,4,0,15,2,82.0
"s2-g1,s11-g0",0.019356805365035812,-0.019356805365035812,2,1,11,0,82.0
"s2-g0,s11-g0",0.019356805365035812,0.019356805365035812,2,0,11,0,82.0
"s1-g1,s13-g0",0.01920438957475995,-0.01920438957475995,1,1,13,0,82.0
"s1-g0,s13-g0",0.019204389574759943,0.019204389574759943,1,0,13,0,81.0
"s4-g0,s12-g0",0.018594726413656462,0.018594726413656462,4,0,12,0,81.0
"s1-g0,s14-g0",0.018594726413656455,0.018594726413656455,1,0,14,0,80.0
"s1-g1,s14-g0",0.018594726413656455,-0.018594726413656455,1,1,14,0,80.0
"s4-g1,s12-g0",0.018594726413656455,-0.018594726413656455,4,1,12,0,80.0
"s2-g1,s13-g0",0.01783264746227709,-0.01783264746227709,2,1,13,0,80.0
"s2-g0,s13-g0",0.01783264746227709,0.01783264746227709,2,0,13,0,80.0
"s4-g0,s16-g3",0.01676573693034599,-0.01676573693034599,4,0,16,3,80.0
"s4-g1,s16-g3",0.016765736930345988,0.016765736930345988,4,1,16,3,79.0
"s1-g1,s16-g3",0.016765736930345984,0.016765736930345984,1,1,16,3,79.0
"s1-g0,s16-g3",0.016765736930345984,-0.016765736930345984,1,0,16,3,79.0
"s3-g1,s12-g1",0.01630848955951838,0.01630848955951838,3,1,12,1,78.0
"s3-g1,s8-g1",0.01630848955951838,0.01630848955951838,3,1,8,1,78.0
"s3-g0,s8-g1",0.01630848955951836,-0.01630848955951836,3,0,8,1,78.0
"s3-g0,s12-g1",0.01630848955951836,-0.01630848955951836,3,0,12,1,78.0
"s3-g1,s16-g3",0.015241579027587255,0.015241579027587255,3,1,16,3,78.0
"s3-g0,s16-g3",0.015241579027587236,-0.015241579027587236,3,0,16,3,77.0
"s3-g1,s8-g0",0.014631915866483776,-0.014631915866483776,3,1,8,0,77.0
"s3-g0,s8-g0",0.014631915866483757,0.014631915866483757,3,0,8,0,76.0
"s1-g0,s15-g0",0.013717421124828537,0.013717421124828537,1,0,15,0,76.0
"s2-g0,s17-g3",0.013717421124828533,-0.013717421124828533,2,0,17,3,76.0
"s2-g1,s17-g3",0.013717421124828533,0.013717421124828533,2,1,17,3,76.0
"s2-g1,s16-g0",0.01371742112482853,-0.01371742112482853,2,1,16,0,75.0
"s1-g1,s17-g3",0.01371742112482853,-0.01371742112482853,1,1,17,3,75.0
"s1-g0,s17-g3",0.013717421124828528,0.013717421124828528,1,0,17,3,75.0
"s1-g0,s16-g0",0.013717421124828528,-0.013717421124828528,1,0,16,0,75.0
"s1-g1,s15-g0",0.013717421124828526,-0.013717421124828526,1,1,15,0,75.0
"s2-g0,s16-g0",0.013717421124828523,0.013717421124828523,2,0,16,0,74.0
"s1-g1,s16-g0",0.013717421124828523,0.013717421124828523,1,1,16,0,74.0
"s4-g0,s10-g2",0.01173601585124219,-0.01173601585124219,4,0,10,2,74.0
"s5-g0,s17-g1",0.01173601585124219,-0.01173601585124219,5,0,17,1,74.0
"s1-g0,s13-g2",0.01173601585124219,-0.01173601585124219,1,0,13,2,74.0
"s1-g0,s10-g2",0.011736015851242189,-0.011736015851242189,1,0,10,2,73.0
"s4-g1,s10-g2",0.011736015851242187,0.011736015851242187,4,1,10,2,73.0
"s1-g1,s10-g2",0.011736015851242187,0.011736015851242187,1,1,10,2,73.0
"s1-g1,s13-g2",0.011736015851242187,0.011736015851242187,1,1,13,2,73.0
"s5-g1,s17-g1",0.011736015851242183,0.011736015851242183,5,1,17,1,73.0
"s2-g0,s9-g3",0.011583600060966323,-0.011583600060966323,2,0,9,3,72.0
"s2-g0,s8-g2",0.011583600060966323,-0.011583600060966323,2,0,8,2,72.0
"s2-g1,s8-g2",0.011583600060966317,0.011583600060966317,2,1,8,2,72.0
"s2-g1,s9-g3",0.011583600060966317,0.011583600060966317,2,1,9,3,72.0
"s3-g0,s15-g3",0.011278768480414578,-0.011278768480414578,3,0,15,3,71.0
"s3-g1,s15-g3",0.011278768480414576,0.011278768480414576,3,1,15,3,71.0
"s3-g1,s15-g2",0.011278768480414572,0.011278768480414572,3,1,15,2,71.0
"s3-g0,s15-g2",0.011278768480414567,-0.011278768480414567,3,0,15,2,70.0
"s1-g0,s9-g1",0.011126352690138699,-0.011126352690138699,1,0,9,1,70.0
"s1-g1,s9-g1",0.011126352690138697,0.011126352690138697,1,1,9,1,69.0
"s4-g0,s9-g1",0.011126352690138697,-0.011126352690138697,4,0,9,1,69.0
"s4-g0,s11-g1",0.011126352690138697,-0.011126352690138697,4,0,11,1,69.0
"s4-g1,s9-g1",0.011126352690138694,0.011126352690138694,4,1,9,1,69.0
"s4-g1,s11-g1",0.011126352690138694,0.011126352690138694,4,1,11,1,69.0
"s4-g1,s17-g3",0.010973936899862837,0.010973936899862837,4,1,17,3,69.0
"s4-g1,s16-g0",0.01097393689986283,-0.01097393689986283,4,1,16,0,68.0
"s4-g0,s17-g3",0.010973936899862823,-0.010973936899862823,4,0,17,3,68.0
"s4-g0,s16-g0",0.01097393689986282,0.01097393689986282,4,0,16,0,67.0
"s2-g0,s10-g3",0.010821521109586962,-0.010821521109586962,2,0,10,3,67.0
"s2-g0,s11-g2",0.010821521109586956,-0.010821521109586956,2,0,11,2,67.0
"s2-g1,s11-g2",0.010821521109586951,0.010821521109586951,2,1,11,2,66.0
"s2-g1,s10-g3",0.010821521109586948,0.010821521109586948,2,1,10,3,66.0
"s4-g0,s11-g3",0.010516689529035207,-0.010516689529035207,4,0,11,3,65.0
"s4-g1,s11-g3",0.010516689529035207,0.010516689529035207,4,1,11,3,65.0
"s1-g1,s11-g3",0.010516689529035207,0.010516689529035207,1,1,11,3,65.0
"s1-g0,s11-g3",0.010516689529035207,-0.010516689529035207,1,0,11,3,65.0
"s2-g0,s11-g3",0.010059442158207603,-0.010059442158207603,2,0,11,3,65.0
"s2-g1,s11-g3",0.010059442158207588,0.010059442158207588,2,1,11,3,65.0
"s1-g1,s9-g0",0.00990702636793172,-0.00990702636793172,1,1,9,0,64.0
"s1-g0,s4-g1",0.00990702636793172,-0.00990702636793172,1,0,4,1,64.0
"s1-g0,s4-g0",0.00990702636793172,0.00990702636793172,1,0,4,0,64.0
"s1-g1,s4-g0",0.00990702636793172,-0.00990702636793172,1,1,4,0,64.0
"s4-g1,s9-g0",0.009907026367931717,-0.009907026367931717,4,1,9,0,64.0
"s1-g1,s14-g2",0.009907026367931717,0.009907026367931717,1,1,14,2,64.0
"s1-g0,s9-g0",0.009907026367931717,0.009907026367931717,1,0,9,0,64.0
"s1-g0,s14-g2",0.009907026367931717,-0.009907026367931717,1,0,14,2,64.0
"s1-g1,s4-g1",0.009907026367931716,0.009907026367931716,1,1,4,1,63.0
"s4-g0,s9-g0",0.009907026367931712,0.009907026367931712,4,0,9,0,63.0
"s3-g1,s17-g2",0.009602194787379986,0.009602194787379986,3,1,17,2,63.0
"s3-g0,s17-g2",0.009602194787379982,-0.009602194787379982,3,0,17,2,62.0
"s2-g0,s9-g0",0.00929736320682824,0.00929736320682824,2,0,9,0,62.0
"s2-g0,s5-g0",0.00929736320682824,0.00929736320682824,2,0,5,0,62.0
"s2-g0,s4-g1",0.009297363206828233,-0.009297363206828233,2,0,4,1,61.0
"s2-g0,s4-g0",0.009297363206828231,0.009297363206828231,2,0,4,0,61.0
"s1-g0,s13-g3",0.009297363206828228,-0.009297363206828228,1,0,13,3,61.0
"s4-g0,s12-g3",0.009297363206828228,-0.009297363206828228,4,0,12,3,61.0
"s2-g1,s4-g0",0.009297363206828228,-0.009297363206828228,2,1,4,0,61.0
"s4-g0,s14-g3",0.009297363206828228,-0.009297363206828228,4,0,14,3,61.0
"s4-g0,s13-g3",0.009297363206828228,-0.009297363206828228,4,0,13,3,61.0
"s1-g0,s8-g1",0.009297363206828228,-0.009297363206828228,1,0,8,1,61.0
"s1-g0,s14-g3",0.009297363206828228,-0.009297363206828228,1,0,14,3,61.0
"s1-g0,s12-g3",0.009297363206828228,-0.009297363206828228,1,0,12,3,61.0
"s4-g0,s12-g1",0.009297363206828226,-0.009297363206828226,4,0,12,1,60.0
"s1-g1,s14-g3",0.009297363206828226,0.009297363206828226,1,1,14,3,60.0
"s4-g1,s12-g1",0.009297363206828226,0.009297363206828226,4,1,12,1,60.0
"s1-g1,s13-g3",0.009297363206828226,0.009297363206828226,1,1,13,3,60.0
"s1-g1,s8-g1",0.009297363206828226,0.009297363206828226,1,1,8,1,60.0
"s2-g1,s14-g2",0.009297363206828226,0.009297363206828226,2,1,14,2,60.0
"s2-g1,s5-g1",0.009297363206828226,0.009297363206828226,2,1,5,1,60.0
"s1-g1,s12-g3",0.009297363206828226,0.009297363206828226,1,1,12,3,60.0
"s2-g1,s4-g1",0.009297363206828226,0.009297363206828226,2,1,4,1,60.0
"s4-g1,s12-g3",0.009297363206828224,0.009297363206828224,4,1,12,3,60.0
"s4-g1,s13-g3",0.009297363206828224,0.009297363206828224,4,1,13,3,60.0
"s4-g1,s14-g3",0.009297363206828224,0.009297363206828224,4,1,14,3,60.0
"s2-g0,s14-g2",0.009297363206828222,-0.009297363206828222,2,0,14,2,59.0
"s2-g1,s9-g0",0.009297363206828222,-0.009297363206828222,2,1,9,0,59.0
"s2-g1,s5-g0",0.009297363206828222,-0.009297363206828222,2,1,5,0,59.0
"s2-g0,s5-g1",0.009297363206828222,-0.009297363206828222,2,0,5,1,59.0
"s3-g1,s15-g1",0.008992531626276485,0.008992531626276485,3,1,15,1,59.0
"s3-g1,s11-g2",0.008992531626276484,0.008992531626276484,3,1,11,2,59.0
"s3-g0,s11-g2",0.008992531626276482,-0.008992531626276482,3,0,11,2,58.0
"s3-g0,s15-g1",0.00899253162627648,-0.00899253162627648,3,0,15,1,58.0
"s4-g1,s10-g0",0.008687700045724743,-0.008687700045724743,4,1,10,0,57.0
"s1-g1,s10-g0",0.008687700045724743,-0.008687700045724743,1,1,10,0,57.0
"s1-g1,s8-g0",0.008687700045724741,-0.008687700045724741,1,1,8,0,57.0
"s1-g0,s8-g0",0.008687700045724738,0.008687700045724738,1,0,8,0,57.0
"s4-g0,s10-g0",0.008687700045724738,0.008687700045724738,4,0,10,0,57.0
"s1-g0,s10-g0",0.008687700045724738,0.008687700045724738,1,0,10,0,57.0
"s2-g1,s12-g1",0.008535284255448868,0.008535284255448868,2,1,12,1,56.0
"s2-g1,s8-g1",0.008535284255448866,0.008535284255448866,2,1,8,1,56.0
"s2-g0,s8-g1",0.00853528425544886,-0.00853528425544886,2,0,8,1,55.0
"s2-g0,s12-g1",0.00853528425544886,-0.00853528425544886,2,0,12,1,55.0
"s2-g1,s18-g3",0.008382868465172992,0.008382868465172992,2,1,18,3,55.0
"s2-g0,s18-g3",0.008382868465172983,-0.008382868465172983,2,0,18,3,55.0
"s1-g0,s11-g0",0.00807803688462125,0.00807803688462125,1,0,11,0,54.0
"s1-g1,s11-g0",0.008078036884621248,-0.008078036884621248,1,1,11,0,54.0
"s3-g0,s14-g0",0.007925621094345373,0.007925621094345373,3,0,14,0,53.0
"s3-g1,s14-g0",0.00792562109434537,-0.00792562109434537,3,1,14,0,53.0
"s2-g0,s10-g0",0.0077732053040694945,0.0077732053040694945,2,0,10,0,53.0
"s2-g1,s10-g0",0.007773205304069492,-0.007773205304069492,2,1,10,0,52.0
"s1-g0,s19-g3",0.007468373723517762,0.007468373723517762,1,0,19,3,52.0
"s5-g0,s19-g3",0.00746837372351776,0.00746837372351776,5,0,19,3,51.0
"s4-g0,s15-g3",0.007468373723517759,-0.007468373723517759,4,0,15,3,51.0
"s1-g1,s17-g0",0.0074683737235177565,0.0074683737235177565,1,1,17,0,51.0
"s1-g1,s19-g2",0.0074683737235177565,0.0074683737235177565,1,1,19,2,51.0
"s1-g1,s18-g0",0.0074683737235177565,0.0074683737235177565,1,1,18,0,51.0
"s5-g0,s18-g0",0.007468373723517755,-0.007468373723517755,5,0,18,0,50.0
"s5-g0,s19-g2",0.007468373723517755,-0.007468373723517755,5,0,19,2,50.0
"s5-g1,s19-g3",0.007468373723517755,-0.007468373723517755,5,1,19,3,50.0
"s5-g1,s18-g0",0.007468373723517753,0.007468373723517753,5,1,18,0,50.0
"s5-g1,s19-g2",0.007468373723517753,0.007468373723517753,5,1,19,2,50.0
"s1-g1,s19-g3",0.007468373723517753,-0.007468373723517753,1,1,19,3,50.0
"s4-g1,s15-g3",0.007468373723517752,0.007468373723517752,4,1,15,3,50.0
"s1-g0,s19-g2",0.007468373723517751,-0.007468373723517751,1,0,19,2,49.0
"s1-g0,s18-g0",0.007468373723517751,-0.007468373723517751,1,0,18,0,49.0
"s1-g0,s17-g0",0.0074683737235177496,-0.0074683737235177496,1,0,17,0,49.0
"s3-g0,s10-g1",0.007315957933241886,-0.007315957933241886,3,0,10,1,48.0
"s3-g1,s10-g1",0.007315957933241883,0.007315957933241883,3,1,10,1,48.0
"s2-g1,s6-g0",0.007011126352690141,-0.007011126352690141,2,1,6,0,48.0
"s2-g1,s6-g1",0.0070111263526901405,0.0070111263526901405,2,1,6,1,47.0
"s2-g0,s6-g0",0.0070111263526901405,0.0070111263526901405,2,0,6,0,47.0
"s2-g0,s6-g1",0.007011126352690135,-0.007011126352690135,2,0,6,1,47.0
"s3-g1,s16-g0",0.00685871056241428,0.00685871056241428,3,1,16,0,46.0
"s4-g1,s13-g0",0.00685871056241427,-0.00685871056241427,4,1,13,0,46.0
"s3-g0,s17-g3",0.0068587105624142684,0.0068587105624142684,3,0,17,3,46.0
"s2-g1,s17-g2",0.006858710562414264,-0.006858710562414264,2,1,17,2,45.0
"s4-g0,s13-g0",0.006858710562414264,0.006858710562414264,4,0,13,0,45.0
"s1-g1,s17-g2",0.006858710562414263,0.006858710562414263,1,1,17,2,45.0
"s2-g0,s17-g2",0.006858710562414263,0.006858710562414263,2,0,17,2,45.0
"s3-g0,s16-g0",0.006858710562414256,-0.006858710562414256,3,0,16,0,44.0
"s1-g0,s17-g2",0.006858710562414254,-0.006858710562414254,1,0,17,2,44.0
"s3-g1,s17-g3",0.0068587105624142415,-0.0068587105624142415,3,1,17,3,44.0
"s1-g0,s3-g1",0.006706294772138397,0.006706294772138397,1,0,3,1,43.0
"s3-g1,s9-g0",0.006706294772138396,0.006706294772138396,3,1,9,0,43.0
"s3-g1,s5-g0",0.006706294772138396,0.006706294772138396,3,1,5,0,43.0
"s1-g1,s3-g1",0.006706294772138392,-0.006706294772138392,1,1,3,1,42.0
"s3-g1,s5-g1",0.006706294772138392,-0.006706294772138392,3,1,5,1,42.0
"s3-g0,s9-g0",0.006706294772138391,-0.006706294772138391,3,0,9,0,42.0
"s3-g0,s5-g0",0.006706294772138391,-0.006706294772138391,3,0,5,0,42.0
"s4-g0,s18-g3",0.006706294772138391,-0.006706294772138391,4,0,18,3,42.0
"s1-g0,s3-g0",0.006706294772138391,-0.006706294772138391,1,0,3,0,42.0
"s4-g1,s18-g3",0.00670629477213839,0.00670629477213839,4,1,18,3,42.0
"s3-g0,s5-g1",0.006706294772138389,0.006706294772138389,3,0,5,1,41.0
"s1-g1,s3-g0",0.006706294772138389,0.006706294772138389,1,1,3,0,41.0
"s1-g0,s12-g0",0.006249047401310781,0.006249047401310781,1,0,12,0,41.0
"s4-g0,s14-g0",0.0062490474013107795,0.0062490474013107795,4,0,14,0,40.0
"s2-g0,s15-g2",0.006249047401310779,-0.006249047401310779,2,0,15,2,40.0
"s1-g1,s12-g0",0.006249047401310777,-0.006249047401310777,1,1,12,0,40.0
"s4-g1,s14-g0",0.006249047401310777,-0.006249047401310777,4,1,14,0,40.0
